time,wind_speed_10m,wind_direction_10m,wind_gusts_10m,temperature_2m,relative_humidity_2m,precipitation,lat,lon
2026-06-10 00:00:00,1.88,191,5.4,23.6,85,0.0,18.33,99.15
2026-06-10 01:00:00,0.76,212,4.8,23.4,89,0.0,18.33,99.15
2026-06-10 02:00:00,0.43,249,2.9,23.0,91,0.0,18.33,99.15
2026-06-10 03:00:00,0.6,180,2.3,22.4,95,0.0,18.33,99.15
2026-06-10 04:00:00,0.91,174,2.5,22.1,97,0.0,18.33,99.15
2026-06-10 05:00:00,0.75,180,2.5,22.1,98,0.0,18.33,99.15
2026-06-10 06:00:00,1.12,170,2.6,22.0,98,0.0,18.33,99.15
2026-06-10 07:00:00,0.99,135,2.9,23.1,94,0.0,18.33,99.15
2026-06-10 08:00:00,1.58,145,6.4,24.6,87,0.1,18.33,99.15
2026-06-10 09:00:00,1.72,154,6.9,25.9,83,0.1,18.33,99.15
2026-06-10 10:00:00,3.23,161,8.0,26.6,80,0.3,18.33,99.15
2026-06-10 11:00:00,1.92,141,8.6,23.5,95,7.0,18.33,99.15
2026-06-10 12:00:00,1.04,145,5.3,25.3,93,1.2,18.33,99.15
2026-06-10 13:00:00,2.72,122,7.1,25.3,97,4.0,18.33,99.15
2026-06-10 14:00:00,2.97,226,9.0,23.7,97,7.4,18.33,99.15
2026-06-10 15:00:00,1.09,196,7.5,25.1,96,1.6,18.33,99.15
2026-06-10 16:00:00,1.72,163,6.6,26.0,93,0.2,18.33,99.15
2026-06-10 17:00:00,2.1,183,7.0,24.8,96,1.8,18.33,99.15
2026-06-10 18:00:00,1.73,158,6.5,24.0,98,2.3,18.33,99.15
2026-06-10 19:00:00,1.77,151,4.0,23.5,99,0.3,18.33,99.15
2026-06-10 20:00:00,1.42,170,5.0,23.2,99,0.1,18.33,99.15
2026-06-10 21:00:00,2.01,145,4.4,23.0,99,0.0,18.33,99.15
2026-06-10 22:00:00,1.8,136,5.4,22.4,98,0.5,18.33,99.15
2026-06-10 23:00:00,1.94,136,4.3,22.4,100,0.9,18.33,99.15
2026-06-11 00:00:00,2.41,140,5.3,22.0,100,0.3,18.33,99.15
2026-06-11 01:00:00,2.82,143,6.4,22.0,100,0.1,18.33,99.15
2026-06-11 02:00:00,1.91,137,6.2,21.8,100,0.2,18.33,99.15
2026-06-11 03:00:00,1.75,121,5.0,21.9,100,0.1,18.33,99.15
2026-06-11 04:00:00,1.54,119,5.5,21.7,100,1.5,18.33,99.15
2026-06-11 05:00:00,1.81,138,4.8,21.8,100,1.2,18.33,99.15
2026-06-11 06:00:00,1.87,136,4.5,21.8,100,0.6,18.33,99.15
2026-06-11 07:00:00,1.83,145,4.5,22.0,99,0.2,18.33,99.15
2026-06-11 08:00:00,2.1,152,5.2,22.7,99,0.1,18.33,99.15
2026-06-11 09:00:00,2.47,159,6.2,23.2,97,0.1,18.33,99.15
2026-06-11 10:00:00,2.78,162,7.1,24.0,95,0.3,18.33,99.15
2026-06-11 11:00:00,2.79,147,7.3,23.8,94,0.5,18.33,99.15
2026-06-11 12:00:00,3.5,170,8.5,23.3,96,3.1,18.33,99.15
2026-06-11 13:00:00,2.84,171,8.7,24.2,91,0.6,18.33,99.15
2026-06-11 14:00:00,3.27,169,8.3,25.4,90,0.5,18.33,99.15
2026-06-11 15:00:00,3.17,186,8.6,24.2,92,2.8,18.33,99.15
2026-06-11 16:00:00,2.3,167,7.5,24.0,99,0.9,18.33,99.15
2026-06-11 17:00:00,2.23,164,6.7,23.8,99,0.6,18.33,99.15
2026-06-11 18:00:00,2.11,173,7.6,23.4,98,1.6,18.33,99.15
2026-06-11 19:00:00,1.66,155,5.7,22.8,99,0.9,18.33,99.15
2026-06-11 20:00:00,1.28,129,5.5,22.7,100,0.3,18.33,99.15
2026-06-11 21:00:00,1.2,135,3.1,22.6,100,0.1,18.33,99.15
2026-06-11 22:00:00,1.73,147,3.9,22.6,100,0.3,18.33,99.15
2026-06-11 23:00:00,1.21,150,3.9,22.3,100,0.5,18.33,99.15
2026-06-12 00:00:00,2.0,143,4.3,22.2,100,0.5,18.33,99.15
2026-06-12 01:00:00,1.9,157,4.5,22.2,100,0.5,18.33,99.15
2026-06-12 02:00:00,2.09,163,5.6,22.1,100,1.2,18.33,99.15
2026-06-12 03:00:00,2.07,160,5.5,22.0,100,1.9,18.33,99.15
2026-06-12 04:00:00,2.32,147,6.1,22.0,100,2.0,18.33,99.15
2026-06-12 05:00:00,2.36,148,5.5,21.9,100,2.0,18.33,99.15
2026-06-12 06:00:00,2.33,157,5.2,22.0,100,3.0,18.33,99.15
2026-06-12 07:00:00,2.89,157,7.9,22.0,100,3.1,18.33,99.15
2026-06-12 08:00:00,2.79,165,6.6,22.1,99,1.9,18.33,99.15
2026-06-12 09:00:00,2.6,164,6.3,22.5,98,1.0,18.33,99.15
2026-06-12 10:00:00,3.12,168,6.9,23.0,97,1.0,18.33,99.15
2026-06-12 11:00:00,3.0,178,7.5,24.3,92,0.7,18.33,99.15
2026-06-12 12:00:00,2.85,183,7.8,25.3,86,0.4,18.33,99.15
2026-06-12 13:00:00,2.65,177,9.0,26.3,83,0.2,18.33,99.15
2026-06-12 14:00:00,3.01,184,9.6,27.4,78,0.1,18.33,99.15
2026-06-12 15:00:00,3.19,194,9.9,26.8,75,0.1,18.33,99.15
2026-06-12 16:00:00,3.22,206,9.6,26.9,74,0.1,18.33,99.15
2026-06-12 17:00:00,2.14,213,9.5,26.2,78,0.1,18.33,99.15
2026-06-12 18:00:00,1.11,162,7.8,24.2,92,1.3,18.33,99.15
2026-06-12 19:00:00,1.0,180,5.5,23.6,98,0.9,18.33,99.15
2026-06-12 20:00:00,0.87,121,3.3,23.2,100,0.9,18.33,99.15
2026-06-12 21:00:00,0.67,103,2.8,23.0,100,0.0,18.33,99.15
2026-06-12 22:00:00,1.03,151,5.9,22.7,98,0.3,18.33,99.15
2026-06-12 23:00:00,1.13,135,3.2,22.8,99,0.0,18.33,99.15
2026-06-13 00:00:00,1.14,157,3.5,22.7,100,0.0,18.33,99.15
2026-06-13 01:00:00,1.23,159,3.5,22.6,100,0.0,18.33,99.15
2026-06-13 02:00:00,1.0,162,3.6,22.4,100,0.0,18.33,99.15
2026-06-13 03:00:00,0.7,180,3.3,22.0,100,0.0,18.33,99.15
2026-06-13 04:00:00,1.15,178,3.6,21.8,100,0.0,18.33,99.15
2026-06-13 05:00:00,1.38,167,3.8,21.9,100,0.0,18.33,99.15
2026-06-13 06:00:00,1.43,168,3.7,21.9,100,0.0,18.33,99.15
2026-06-13 07:00:00,1.46,164,3.9,22.2,99,0.0,18.33,99.15
2026-06-13 08:00:00,2.11,173,5.2,23.1,95,0.0,18.33,99.15
2026-06-13 09:00:00,1.57,158,7.3,24.0,95,0.2,18.33,99.15
2026-06-13 10:00:00,2.13,171,7.8,24.7,92,0.2,18.33,99.15
2026-06-13 11:00:00,2.61,200,9.0,25.2,89,0.3,18.33,99.15
2026-06-13 12:00:00,2.27,194,9.0,24.9,90,0.5,18.33,99.15
2026-06-13 13:00:00,1.98,196,8.0,24.9,92,0.7,18.33,99.15
2026-06-13 14:00:00,2.59,208,8.9,26.5,83,0.4,18.33,99.15
2026-06-13 15:00:00,2.94,215,9.6,26.9,76,0.2,18.33,99.15
2026-06-13 16:00:00,2.01,235,9.6,26.1,86,0.8,18.33,99.15
2026-06-13 17:00:00,2.34,220,8.5,23.9,97,2.9,18.33,99.15
2026-06-13 18:00:00,1.45,207,5.5,23.6,98,0.4,18.33,99.15
2026-06-13 19:00:00,0.73,164,3.9,23.4,99,0.0,18.33,99.15
2026-06-13 20:00:00,0.85,135,3.2,23.1,100,1.3,18.33,99.15
2026-06-13 21:00:00,1.04,125,3.1,23.1,100,1.3,18.33,99.15
2026-06-13 22:00:00,1.12,122,3.4,23.0,100,1.3,18.33,99.15
2026-06-13 23:00:00,1.03,133,4.2,22.8,100,0.2,18.33,99.15
2026-06-14 00:00:00,0.92,158,5.4,22.6,100,0.2,18.33,99.15
2026-06-14 01:00:00,0.96,174,6.0,22.5,100,0.2,18.33,99.15
2026-06-14 02:00:00,1.05,175,5.4,22.4,100,0.0,18.33,99.15
2026-06-14 03:00:00,1.12,170,4.2,22.3,100,0.0,18.33,99.15
2026-06-14 04:00:00,1.19,165,3.3,22.3,99,0.0,18.33,99.15
2026-06-14 05:00:00,1.14,165,3.0,22.2,99,0.0,18.33,99.15
2026-06-14 06:00:00,1.11,162,3.0,22.2,99,0.0,18.33,99.15
2026-06-14 07:00:00,1.15,162,3.4,22.4,98,0.0,18.33,99.15
2026-06-14 08:00:00,1.31,162,4.5,23.2,96,0.1,18.33,99.15
2026-06-14 09:00:00,1.63,162,6.0,24.3,93,0.1,18.33,99.15
2026-06-14 10:00:00,1.87,164,7.2,25.3,90,0.1,18.33,99.15
2026-06-14 11:00:00,2.18,171,7.7,25.9,86,0.3,18.33,99.15
2026-06-14 12:00:00,2.5,178,7.9,26.4,83,0.3,18.33,99.15
2026-06-14 13:00:00,2.65,181,8.1,26.5,81,0.3,18.33,99.15
2026-06-14 14:00:00,2.45,179,8.6,26.1,84,0.4,18.33,99.15
2026-06-14 15:00:00,2.07,172,9.1,25.4,88,0.4,18.33,99.15
2026-06-14 16:00:00,1.8,167,9.4,24.7,92,0.4,18.33,99.15
2026-06-14 17:00:00,1.68,170,9.2,24.2,95,0.7,18.33,99.15
2026-06-14 18:00:00,1.7,177,8.8,23.6,97,0.7,18.33,99.15
2026-06-14 19:00:00,1.65,180,8.2,23.2,98,0.7,18.33,99.15
2026-06-14 20:00:00,1.46,174,7.6,23.0,99,1.0,18.33,99.15
2026-06-14 21:00:00,1.31,162,6.8,22.9,99,1.0,18.33,99.15
2026-06-14 22:00:00,1.27,154,6.1,22.7,100,1.0,18.33,99.15
2026-06-14 23:00:00,1.39,159,5.4,22.5,100,0.0,18.33,99.15
2026-06-15 00:00:00,1.65,166,4.7,22.3,100,0.0,18.33,99.15
2026-06-15 01:00:00,1.88,169,4.3,22.1,100,0.0,18.33,99.15
2026-06-15 02:00:00,2.05,167,4.5,22.0,100,0.0,18.33,99.15
2026-06-15 03:00:00,2.14,164,5.0,21.9,100,0.0,18.33,99.15
2026-06-15 04:00:00,2.17,161,5.4,21.9,100,0.0,18.33,99.15
2026-06-15 05:00:00,2.02,160,5.3,21.9,99,0.0,18.33,99.15
2026-06-15 06:00:00,1.75,156,5.0,22.0,99,0.0,18.33,99.15
2026-06-15 07:00:00,1.61,154,5.0,22.1,98,0.0,18.33,99.15
2026-06-15 08:00:00,1.61,150,5.4,22.3,99,0.2,18.33,99.15
2026-06-15 09:00:00,1.69,146,5.9,22.6,100,0.2,18.33,99.15
2026-06-15 10:00:00,1.89,148,6.7,23.1,98,0.2,18.33,99.15
2026-06-15 11:00:00,2.4,157,7.7,24.1,93,0.1,18.33,99.15
2026-06-15 12:00:00,3.06,165,9.0,25.4,86,0.1,18.33,99.15
2026-06-15 13:00:00,3.54,171,10.0,26.3,81,0.1,18.33,99.15
2026-06-15 14:00:00,3.7,178,10.8,26.5,78,0.2,18.33,99.15
2026-06-15 15:00:00,3.61,185,11.4,26.4,78,0.2,18.33,99.15
2026-06-15 16:00:00,3.3,190,11.6,26.0,79,0.2,18.33,99.15
2026-06-15 17:00:00,2.38,188,11.2,25.4,83,0.6,18.33,99.15
2026-06-15 18:00:00,1.1,175,10.5,24.5,90,0.6,18.33,99.15
2026-06-15 19:00:00,0.51,119,9.6,23.7,95,0.6,18.33,99.15
2026-06-15 20:00:00,0.71,98,8.6,23.3,98,0.1,18.33,99.15
2026-06-15 21:00:00,0.97,111,7.5,23.0,99,0.1,18.33,99.15
2026-06-15 22:00:00,1.18,126,6.5,22.7,100,0.1,18.33,99.15
2026-06-15 23:00:00,1.35,141,5.7,22.6,100,0.0,18.33,99.15
2026-06-16 00:00:00,1.66,159,5.0,22.5,100,0.0,18.33,99.15
2026-06-16 01:00:00,1.9,166,4.5,22.4,99,0.0,18.33,99.15
2026-06-16 02:00:00,2.06,162,4.7,22.0,100,0.1,18.33,99.15
2026-06-16 03:00:00,2.12,161,5.0,21.8,100,0.1,18.33,99.15
2026-06-16 04:00:00,2.17,161,5.5,21.7,100,0.1,18.33,99.15
2026-06-16 05:00:00,2.23,160,6.0,21.6,100,0.1,18.33,99.15
2026-06-16 06:00:00,2.26,162,6.6,21.7,100,0.1,18.33,99.15
2026-06-16 07:00:00,2.28,165,7.0,22.0,99,0.1,18.33,99.15
2026-06-16 08:00:00,2.33,171,7.4,22.7,96,0.1,18.33,99.15
2026-06-16 09:00:00,2.5,180,7.7,23.7,90,0.1,18.33,99.15
2026-06-16 10:00:00,2.73,188,8.1,24.8,85,0.1,18.33,99.15
2026-06-16 11:00:00,2.96,196,8.4,25.9,80,0.1,18.33,99.15
2026-06-16 12:00:00,3.1,201,8.7,26.7,77,0.1,18.33,99.15
2026-06-16 13:00:00,3.14,202,8.9,27.2,75,0.1,18.33,99.15
2026-06-16 14:00:00,2.92,202,9.1,27.1,76,0.3,18.33,99.15
2026-06-16 15:00:00,2.53,198,9.2,26.7,79,0.3,18.33,99.15
2026-06-16 16:00:00,2.1,192,9.4,26.0,83,0.3,18.33,99.15
2026-06-16 17:00:00,1.65,182,9.4,25.2,87,0.3,18.33,99.15
2026-06-16 18:00:00,1.38,167,9.4,24.5,92,0.3,18.33,99.15
2026-06-16 19:00:00,1.25,157,9.2,23.9,95,0.3,18.33,99.15
2026-06-16 20:00:00,1.27,154,8.9,23.5,97,0.8,18.33,99.15
2026-06-16 21:00:00,1.35,158,8.4,23.2,98,0.8,18.33,99.15
2026-06-16 22:00:00,1.44,166,7.8,22.9,98,0.8,18.33,99.15
2026-06-16 23:00:00,1.62,171,7.2,22.7,99,0.8,18.33,99.15
2026-06-10 00:00:00,1.59,204,4.4,24.7,91,0.0,19.5,99.5
2026-06-10 01:00:00,1.76,215,4.4,23.7,96,0.0,19.5,99.5
2026-06-10 02:00:00,1.83,206,4.6,23.6,96,0.0,19.5,99.5
2026-06-10 03:00:00,1.7,204,4.4,23.3,97,0.0,19.5,99.5
2026-06-10 04:00:00,1.52,203,4.0,23.1,97,0.0,19.5,99.5
2026-06-10 05:00:00,1.46,202,3.7,22.8,98,0.0,19.5,99.5
2026-06-10 06:00:00,1.18,216,3.3,22.6,98,0.0,19.5,99.5
2026-06-10 07:00:00,1.35,219,3.3,23.7,94,0.0,19.5,99.5
2026-06-10 08:00:00,0.97,201,3.3,25.1,87,0.0,19.5,99.5
2026-06-10 09:00:00,1.52,189,5.7,27.0,77,0.0,19.5,99.5
2026-06-10 10:00:00,1.23,201,5.7,28.2,72,0.1,19.5,99.5
2026-06-10 11:00:00,0.91,186,5.2,29.8,64,0.0,19.5,99.5
2026-06-10 12:00:00,3.86,190,8.5,25.7,90,5.4,19.5,99.5
2026-06-10 13:00:00,2.21,184,8.4,26.0,92,1.2,19.5,99.5
2026-06-10 14:00:00,2.28,165,5.7,26.7,90,0.5,19.5,99.5
2026-06-10 15:00:00,3.1,195,8.5,25.7,89,8.8,19.5,99.5
2026-06-10 16:00:00,1.8,182,8.3,25.7,95,1.8,19.5,99.5
2026-06-10 17:00:00,1.9,180,4.7,25.9,91,0.3,19.5,99.5
2026-06-10 18:00:00,2.55,180,5.8,25.0,95,0.5,19.5,99.5
2026-06-10 19:00:00,2.44,169,6.0,24.3,98,0.3,19.5,99.5
2026-06-10 20:00:00,1.81,175,5.1,24.0,98,0.1,19.5,99.5
2026-06-10 21:00:00,1.78,170,4.0,23.9,98,0.1,19.5,99.5
2026-06-10 22:00:00,2.26,175,5.3,23.7,98,0.4,19.5,99.5
2026-06-10 23:00:00,2.57,172,5.5,23.7,97,0.7,19.5,99.5
2026-06-11 00:00:00,1.95,181,6.0,23.1,98,1.1,19.5,99.5
2026-06-11 01:00:00,1.66,164,4.8,22.9,98,0.5,19.5,99.5
2026-06-11 02:00:00,1.15,180,3.6,22.8,98,0.4,19.5,99.5
2026-06-11 03:00:00,1.25,164,4.0,22.7,98,0.7,19.5,99.5
2026-06-11 04:00:00,1.6,166,3.5,22.6,99,0.2,19.5,99.5
2026-06-11 05:00:00,1.49,160,3.7,22.8,98,0.1,19.5,99.5
2026-06-11 06:00:00,1.21,173,4.1,22.8,98,0.0,19.5,99.5
2026-06-11 07:00:00,1.28,159,4.3,23.1,98,0.2,19.5,99.5
2026-06-11 08:00:00,1.63,157,5.4,23.6,97,0.4,19.5,99.5
2026-06-11 09:00:00,2.04,158,6.4,24.4,96,0.3,19.5,99.5
2026-06-11 10:00:00,2.39,147,7.0,24.7,92,0.1,19.5,99.5
2026-06-11 11:00:00,2.71,168,7.3,25.4,88,0.2,19.5,99.5
2026-06-11 12:00:00,3.11,161,7.2,25.5,92,1.2,19.5,99.5
2026-06-11 13:00:00,3.36,176,8.0,24.5,91,4.5,19.5,99.5
2026-06-11 14:00:00,2.96,175,8.1,25.1,91,2.4,19.5,99.5
2026-06-11 15:00:00,3.94,165,9.1,25.0,90,0.9,19.5,99.5
2026-06-11 16:00:00,2.2,181,9.0,24.6,95,4.1,19.5,99.5
2026-06-11 17:00:00,1.61,185,6.0,25.5,96,1.1,19.5,99.5
2026-06-11 18:00:00,3.16,184,6.9,24.1,94,3.6,19.5,99.5
2026-06-11 19:00:00,1.91,175,7.0,23.6,97,1.1,19.5,99.5
2026-06-11 20:00:00,2.26,167,5.4,23.4,99,0.7,19.5,99.5
2026-06-11 21:00:00,1.68,190,4.9,23.3,99,1.4,19.5,99.5
2026-06-11 22:00:00,1.9,183,4.1,23.3,99,1.1,19.5,99.5
2026-06-11 23:00:00,1.96,186,4.2,23.4,99,0.7,19.5,99.5
2026-06-12 00:00:00,1.61,185,4.2,23.3,99,0.3,19.5,99.5
2026-06-12 01:00:00,1.65,183,3.7,23.4,98,0.2,19.5,99.5
2026-06-12 02:00:00,1.45,178,3.6,23.3,98,0.0,19.5,99.5
2026-06-12 03:00:00,1.45,182,3.5,23.4,98,0.1,19.5,99.5
2026-06-12 04:00:00,1.6,194,3.8,23.2,98,0.3,19.5,99.5
2026-06-12 05:00:00,1.2,197,4.0,23.3,96,0.3,19.5,99.5
2026-06-12 06:00:00,1.59,193,4.1,23.1,99,0.4,19.5,99.5
2026-06-12 07:00:00,1.86,175,4.8,23.3,97,0.5,19.5,99.5
2026-06-12 08:00:00,2.02,173,6.0,23.9,97,0.6,19.5,99.5
2026-06-12 09:00:00,2.44,165,6.8,23.9,97,2.0,19.5,99.5
2026-06-12 10:00:00,2.8,169,7.7,24.2,98,0.4,19.5,99.5
2026-06-12 11:00:00,2.75,178,7.7,24.4,97,0.3,19.5,99.5
2026-06-12 12:00:00,2.6,177,7.6,25.4,96,0.4,19.5,99.5
2026-06-12 13:00:00,2.61,185,8.5,26.8,84,0.2,19.5,99.5
2026-06-12 14:00:00,2.75,190,8.8,28.4,75,0.3,19.5,99.5
2026-06-12 15:00:00,3.45,182,9.2,26.7,85,2.1,19.5,99.5
2026-06-12 16:00:00,3.02,187,7.7,26.2,90,1.0,19.5,99.5
2026-06-12 17:00:00,2.02,200,7.6,25.4,94,5.9,19.5,99.5
2026-06-12 18:00:00,1.35,176,6.2,25.0,96,2.2,19.5,99.5
2026-06-12 19:00:00,1.8,182,6.3,24.2,96,0.9,19.5,99.5
2026-06-12 20:00:00,1.81,185,4.3,23.8,98,0.3,19.5,99.5
2026-06-12 21:00:00,2.52,194,5.5,23.6,98,0.2,19.5,99.5
2026-06-12 22:00:00,2.23,189,5.6,23.5,98,0.1,19.5,99.5
2026-06-12 23:00:00,2.12,199,5.4,23.2,98,0.1,19.5,99.5
2026-06-13 00:00:00,2.29,190,5.1,23.1,98,0.0,19.5,99.5
2026-06-13 01:00:00,2.18,200,5.1,23.1,98,0.0,19.5,99.5
2026-06-13 02:00:00,1.77,196,6.6,23.2,98,0.1,19.5,99.5
2026-06-13 03:00:00,1.68,197,6.5,23.1,98,0.7,19.5,99.5
2026-06-13 04:00:00,1.64,200,6.7,23.1,98,1.1,19.5,99.5
2026-06-13 05:00:00,1.53,199,6.4,23.1,98,0.7,19.5,99.5
2026-06-13 06:00:00,1.71,201,5.9,23.1,98,0.7,19.5,99.5
2026-06-13 07:00:00,1.76,195,5.5,23.4,98,0.7,19.5,99.5
2026-06-13 08:00:00,1.81,194,4.2,23.9,97,0.4,19.5,99.5
2026-06-13 09:00:00,1.98,201,5.0,25.0,90,0.2,19.5,99.5
2026-06-13 10:00:00,2.06,198,5.0,25.0,90,0.3,19.5,99.5
2026-06-13 11:00:00,1.86,207,7.0,26.0,91,1.1,19.5,99.5
2026-06-13 12:00:00,2.0,212,7.1,27.4,85,0.6,19.5,99.5
2026-06-13 13:00:00,2.81,219,8.6,29.4,70,0.2,19.5,99.5
2026-06-13 14:00:00,3.56,206,9.1,27.2,79,0.8,19.5,99.5
2026-06-13 15:00:00,2.72,193,9.0,26.0,91,1.4,19.5,99.5
2026-06-13 16:00:00,2.84,189,6.7,25.8,92,0.5,19.5,99.5
2026-06-13 17:00:00,2.84,204,6.8,26.5,84,0.1,19.5,99.5
2026-06-13 18:00:00,2.63,201,6.5,26.0,85,0.1,19.5,99.5
2026-06-13 19:00:00,2.34,196,5.9,24.8,92,0.1,19.5,99.5
2026-06-13 20:00:00,2.33,195,5.8,24.5,94,0.0,19.5,99.5
2026-06-13 21:00:00,2.35,192,5.8,24.1,96,0.0,19.5,99.5
2026-06-13 22:00:00,2.34,191,5.8,23.8,97,0.0,19.5,99.5
2026-06-13 23:00:00,2.17,195,5.6,23.5,98,0.0,19.5,99.5
2026-06-14 00:00:00,1.96,199,5.4,23.3,98,0.0,19.5,99.5
2026-06-14 01:00:00,1.81,204,5.2,23.2,97,0.0,19.5,99.5
2026-06-14 02:00:00,1.72,206,5.1,23.2,97,0.0,19.5,99.5
2026-06-14 03:00:00,1.61,206,5.0,23.3,96,0.0,19.5,99.5
2026-06-14 04:00:00,1.59,204,4.8,23.4,95,0.0,19.5,99.5
2026-06-14 05:00:00,1.62,202,4.4,23.4,95,0.0,19.5,99.5
2026-06-14 06:00:00,1.68,197,4.1,23.5,94,0.0,19.5,99.5
2026-06-14 07:00:00,1.75,193,4.0,23.9,93,0.0,19.5,99.5
2026-06-14 08:00:00,1.82,188,4.5,25.1,87,0.0,19.5,99.5
2026-06-14 09:00:00,1.9,183,5.4,26.7,81,0.0,19.5,99.5
2026-06-14 10:00:00,2.11,176,6.3,27.7,77,0.0,19.5,99.5
2026-06-14 11:00:00,2.52,166,7.1,27.6,80,0.7,19.5,99.5
2026-06-14 12:00:00,3.1,159,7.8,26.9,86,0.7,19.5,99.5
2026-06-14 13:00:00,3.49,156,8.4,26.4,90,0.7,19.5,99.5
2026-06-14 14:00:00,3.52,157,8.8,26.3,90,2.0,19.5,99.5
2026-06-14 15:00:00,3.32,162,8.9,26.3,89,2.0,19.5,99.5
2026-06-14 16:00:00,3.1,165,8.9,26.2,89,2.0,19.5,99.5
2026-06-14 17:00:00,2.97,167,8.5,25.8,91,0.8,19.5,99.5
2026-06-14 18:00:00,2.8,169,8.0,25.2,94,0.8,19.5,99.5
2026-06-14 19:00:00,2.64,170,7.4,24.6,97,0.8,19.5,99.5
2026-06-14 20:00:00,2.38,172,7.0,24.3,98,0.2,19.5,99.5
2026-06-14 21:00:00,2.07,173,6.6,24.0,97,0.2,19.5,99.5
2026-06-14 22:00:00,1.86,175,6.2,23.7,97,0.2,19.5,99.5
2026-06-14 23:00:00,1.85,180,5.7,23.5,98,0.1,19.5,99.5
2026-06-15 00:00:00,1.96,184,5.1,23.4,99,0.1,19.5,99.5
2026-06-15 01:00:00,2.02,189,4.7,23.3,99,0.1,19.5,99.5
2026-06-15 02:00:00,1.89,192,4.5,23.2,99,0.0,19.5,99.5
2026-06-15 03:00:00,1.68,197,4.4,23.2,99,0.0,19.5,99.5
2026-06-15 04:00:00,1.55,201,4.4,23.3,99,0.0,19.5,99.5
2026-06-15 05:00:00,1.53,199,4.6,23.3,98,0.3,19.5,99.5
2026-06-15 06:00:00,1.54,193,4.8,23.4,96,0.3,19.5,99.5
2026-06-15 07:00:00,1.66,187,5.2,23.6,95,0.3,19.5,99.5
2026-06-15 08:00:00,1.9,180,5.7,24.3,92,0.2,19.5,99.5
2026-06-15 09:00:00,2.16,175,6.3,25.1,89,0.2,19.5,99.5
2026-06-15 10:00:00,2.38,170,6.9,25.7,87,0.2,19.5,99.5
2026-06-15 11:00:00,2.41,167,7.5,25.8,89,2.1,19.5,99.5
2026-06-15 12:00:00,2.34,164,8.0,25.6,93,2.1,19.5,99.5
2026-06-15 13:00:00,2.36,163,8.5,25.4,95,2.1,19.5,99.5
2026-06-15 14:00:00,2.63,166,8.9,25.4,95,2.3,19.5,99.5
2026-06-15 15:00:00,2.99,170,9.3,25.4,94,2.3,19.5,99.5
2026-06-15 16:00:00,3.17,174,9.4,25.2,94,2.3,19.5,99.5
2026-06-15 17:00:00,3.01,175,9.0,24.9,95,0.7,19.5,99.5
2026-06-15 18:00:00,2.71,176,8.4,24.6,96,0.7,19.5,99.5
2026-06-15 19:00:00,2.5,178,7.7,24.2,97,0.7,19.5,99.5
2026-06-15 20:00:00,2.5,180,7.0,23.8,97,0.3,19.5,99.5
2026-06-15 21:00:00,2.6,183,6.3,23.3,98,0.3,19.5,99.5
2026-06-15 22:00:00,2.56,186,5.8,23.0,98,0.3,19.5,99.5
2026-06-15 23:00:00,2.33,190,5.6,23.0,98,0.1,19.5,99.5
2026-06-16 00:00:00,1.96,195,5.6,23.0,98,0.1,19.5,99.5
2026-06-16 01:00:00,1.76,200,5.6,23.1,98,0.1,19.5,99.5
2026-06-16 02:00:00,1.88,205,6.6,23.1,98,0.7,19.5,99.5
2026-06-16 03:00:00,1.77,205,6.1,23.0,98,0.7,19.5,99.5
2026-06-16 04:00:00,1.7,204,5.6,23.0,98,0.7,19.5,99.5
2026-06-16 05:00:00,1.57,202,5.1,23.0,99,0.7,19.5,99.5
2026-06-16 06:00:00,1.52,197,4.8,23.0,98,0.7,19.5,99.5
2026-06-16 07:00:00,1.55,195,4.7,23.3,97,0.7,19.5,99.5
2026-06-16 08:00:00,1.69,192,5.0,23.8,95,0.2,19.5,99.5
2026-06-16 09:00:00,1.87,189,5.5,24.5,91,0.2,19.5,99.5
2026-06-16 10:00:00,2.16,187,6.2,25.3,87,0.2,19.5,99.5
2026-06-16 11:00:00,2.41,185,7.0,26.1,84,0.2,19.5,99.5
2026-06-16 12:00:00,2.66,184,7.7,26.7,81,0.2,19.5,99.5
2026-06-16 13:00:00,2.75,183,8.2,27.0,80,0.2,19.5,99.5
2026-06-16 14:00:00,2.75,182,8.6,26.9,81,0.8,19.5,99.5
2026-06-16 15:00:00,2.7,181,9.0,26.5,84,0.8,19.5,99.5
2026-06-16 16:00:00,2.6,180,9.3,25.9,87,0.8,19.5,99.5
2026-06-16 17:00:00,2.5,180,9.6,25.3,91,0.8,19.5,99.5
2026-06-16 18:00:00,2.35,180,9.7,24.7,95,0.8,19.5,99.5
2026-06-16 19:00:00,2.2,180,9.6,24.3,97,0.8,19.5,99.5
2026-06-16 20:00:00,2.05,181,9.3,24.0,99,0.4,19.5,99.5
2026-06-16 21:00:00,1.86,186,8.7,23.7,99,0.4,19.5,99.5
2026-06-16 22:00:00,1.69,192,8.0,23.5,99,0.4,19.5,99.5
2026-06-16 23:00:00,1.53,199,7.3,23.3,99,0.4,19.5,99.5
2026-06-10 00:00:00,0.54,158,1.8,24.4,95,0.1,17.0,98.5
2026-06-10 01:00:00,1.01,200,2.2,24.5,96,0.1,17.0,98.5
2026-06-10 02:00:00,0.74,250,2.4,24.4,96,0.1,17.0,98.5
2026-06-10 03:00:00,0.25,127,2.0,24.4,95,0.0,17.0,98.5
2026-06-10 04:00:00,0.85,140,2.0,24.3,95,0.0,17.0,98.5
2026-06-10 05:00:00,0.63,119,2.0,24.3,95,0.0,17.0,98.5
2026-06-10 06:00:00,0.4,83,1.6,24.3,96,0.0,17.0,98.5
2026-06-10 07:00:00,0.98,105,2.3,24.7,93,0.1,17.0,98.5
2026-06-10 08:00:00,0.98,156,2.4,24.9,90,0.1,17.0,98.5
2026-06-10 09:00:00,1.61,164,4.3,24.7,94,0.8,17.0,98.5
2026-06-10 10:00:00,2.33,165,5.1,24.7,95,1.0,17.0,98.5
2026-06-10 11:00:00,2.33,211,6.2,25.3,90,1.9,17.0,98.5
2026-06-10 12:00:00,0.86,170,6.3,24.7,94,1.8,17.0,98.5
2026-06-10 13:00:00,1.57,217,6.3,26.6,86,0.5,17.0,98.5
2026-06-10 14:00:00,2.25,217,6.8,27.1,84,0.2,17.0,98.5
2026-06-10 15:00:00,1.44,214,6.8,26.4,85,0.3,17.0,98.5
2026-06-10 16:00:00,1.28,219,5.3,26.7,86,0.3,17.0,98.5
2026-06-10 17:00:00,1.28,239,5.0,26.1,85,0.2,17.0,98.5
2026-06-10 18:00:00,1.26,198,4.2,25.9,86,0.4,17.0,98.5
2026-06-10 19:00:00,1.96,186,5.1,24.5,95,2.2,17.0,98.5
2026-06-10 20:00:00,0.63,151,3.8,24.6,93,1.1,17.0,98.5
2026-06-10 21:00:00,0.7,111,3.1,24.5,94,0.7,17.0,98.5
2026-06-10 22:00:00,0.74,62,1.7,24.5,94,0.2,17.0,98.5
2026-06-10 23:00:00,1.07,127,4.8,24.2,96,1.2,17.0,98.5
2026-06-11 00:00:00,0.63,108,4.7,24.0,95,2.5,17.0,98.5
2026-06-11 01:00:00,0.63,72,3.8,23.8,95,3.6,17.0,98.5
2026-06-11 02:00:00,0.65,302,1.6,23.7,96,1.0,17.0,98.5
2026-06-11 03:00:00,0.4,240,1.9,23.5,97,1.2,17.0,98.5
2026-06-11 04:00:00,0.54,146,1.6,23.4,96,0.7,17.0,98.5
2026-06-11 05:00:00,0.58,121,1.6,23.4,97,1.5,17.0,98.5
2026-06-11 06:00:00,0.6,85,1.6,23.5,96,2.6,17.0,98.5
2026-06-11 07:00:00,0.75,90,3.1,23.7,95,3.7,17.0,98.5
2026-06-11 08:00:00,0.5,90,3.4,23.9,94,5.0,17.0,98.5
2026-06-11 09:00:00,0.5,360,1.6,24.2,92,2.1,17.0,98.5
2026-06-11 10:00:00,0.71,321,2.5,24.7,92,1.2,17.0,98.5
2026-06-11 11:00:00,1.1,300,3.4,25.2,91,1.5,17.0,98.5
2026-06-11 12:00:00,0.55,270,4.7,25.8,89,0.6,17.0,98.5
2026-06-11 13:00:00,1.2,222,4.3,26.5,86,0.3,17.0,98.5
2026-06-11 14:00:00,1.75,233,6.2,27.0,84,0.2,17.0,98.5
2026-06-11 15:00:00,1.05,183,7.4,25.3,90,3.0,17.0,98.5
2026-06-11 16:00:00,1.66,209,5.5,24.9,91,0.8,17.0,98.5
2026-06-11 17:00:00,1.25,196,5.7,25.1,89,0.5,17.0,98.5
2026-06-11 18:00:00,1.28,149,3.9,24.8,93,0.7,17.0,98.5
2026-06-11 19:00:00,0.46,139,3.8,24.5,96,0.3,17.0,98.5
2026-06-11 20:00:00,0.4,120,2.6,24.5,96,0.3,17.0,98.5
2026-06-11 21:00:00,0.78,27,2.9,24.2,94,2.3,17.0,98.5
2026-06-11 22:00:00,0.54,56,3.4,24.2,96,1.7,17.0,98.5
2026-06-11 23:00:00,0.58,59,3.5,24.2,97,1.3,17.0,98.5
2026-06-12 00:00:00,0.65,184,3.4,23.8,96,1.0,17.0,98.5
2026-06-12 01:00:00,0.35,172,3.6,23.6,95,1.3,17.0,98.5
2026-06-12 02:00:00,0.5,37,3.5,23.3,96,1.6,17.0,98.5
2026-06-12 03:00:00,0.67,48,3.0,23.2,96,2.2,17.0,98.5
2026-06-12 04:00:00,0.92,22,3.1,23.0,97,1.4,17.0,98.5
2026-06-12 05:00:00,0.79,18,3.7,22.9,96,1.9,17.0,98.5
2026-06-12 06:00:00,0.89,52,3.5,23.0,96,1.6,17.0,98.5
2026-06-12 07:00:00,0.55,355,3.6,23.2,94,1.4,17.0,98.5
2026-06-12 08:00:00,0.14,135,3.5,23.6,92,1.4,17.0,98.5
2026-06-12 09:00:00,0.14,135,3.2,23.7,92,2.4,17.0,98.5
2026-06-12 10:00:00,0.52,343,3.8,24.4,91,1.4,17.0,98.5
2026-06-12 11:00:00,0.16,198,3.8,24.8,91,1.4,17.0,98.5
2026-06-12 12:00:00,0.34,153,2.3,24.6,92,2.0,17.0,98.5
2026-06-12 13:00:00,0.51,259,2.3,25.0,93,1.8,17.0,98.5
2026-06-12 14:00:00,1.35,248,3.6,25.1,93,0.8,17.0,98.5
2026-06-12 15:00:00,1.59,229,5.3,25.3,92,0.6,17.0,98.5
2026-06-12 16:00:00,1.83,215,5.6,25.0,90,0.8,17.0,98.5
2026-06-12 17:00:00,1.46,186,5.1,24.6,92,0.7,17.0,98.5
2026-06-12 18:00:00,1.66,185,3.9,24.3,95,0.2,17.0,98.5
2026-06-12 19:00:00,1.71,159,3.8,23.9,97,0.3,17.0,98.5
2026-06-12 20:00:00,1.55,159,3.6,23.7,98,0.9,17.0,98.5
2026-06-12 21:00:00,1.79,157,4.6,23.7,99,1.7,17.0,98.5
2026-06-12 22:00:00,1.61,150,3.3,23.7,99,1.7,17.0,98.5
2026-06-12 23:00:00,1.68,157,3.3,23.6,99,0.7,17.0,98.5
2026-06-13 00:00:00,1.5,180,3.2,23.4,99,0.5,17.0,98.5
2026-06-13 01:00:00,1.62,171,3.1,23.3,98,1.1,17.0,98.5
2026-06-13 02:00:00,1.58,162,4.6,23.0,98,2.0,17.0,98.5
2026-06-13 03:00:00,1.7,152,5.1,22.8,98,2.1,17.0,98.5
2026-06-13 04:00:00,1.04,145,4.7,22.7,98,1.6,17.0,98.5
2026-06-13 05:00:00,1.32,151,3.8,22.7,98,0.7,17.0,98.5
2026-06-13 06:00:00,1.06,98,2.9,22.6,99,0.8,17.0,98.5
2026-06-13 07:00:00,0.72,65,3.7,23.0,96,0.9,17.0,98.5
2026-06-13 08:00:00,0.66,171,3.3,23.7,94,2.9,17.0,98.5
2026-06-13 09:00:00,0.6,204,4.0,23.9,94,1.5,17.0,98.5
2026-06-13 10:00:00,1.06,161,3.7,23.8,95,2.1,17.0,98.5
2026-06-13 11:00:00,1.6,231,4.4,25.1,88,0.6,17.0,98.5
2026-06-13 12:00:00,2.79,234,6.3,25.9,87,0.8,17.0,98.5
2026-06-13 13:00:00,2.35,232,6.6,25.0,91,0.6,17.0,98.5
2026-06-13 14:00:00,0.82,218,5.4,25.1,93,2.3,17.0,98.5
2026-06-13 15:00:00,1.39,218,3.6,25.1,92,1.4,17.0,98.5
2026-06-13 16:00:00,2.13,221,5.8,24.7,92,0.5,17.0,98.5
2026-06-13 17:00:00,1.91,229,6.2,25.0,92,0.5,17.0,98.5
2026-06-13 18:00:00,2.89,217,5.5,24.7,94,0.9,17.0,98.5
2026-06-13 19:00:00,1.48,208,7.2,24.1,97,1.4,17.0,98.5
2026-06-13 20:00:00,1.53,191,6.9,23.9,98,2.2,17.0,98.5
2026-06-13 21:00:00,1.86,174,6.2,23.8,98,2.2,17.0,98.5
2026-06-13 22:00:00,2.06,166,5.6,23.6,98,2.2,17.0,98.5
2026-06-13 23:00:00,1.93,163,5.3,23.5,98,4.9,17.0,98.5
2026-06-14 00:00:00,1.65,166,5.1,23.3,98,4.9,17.0,98.5
2026-06-14 01:00:00,1.39,165,4.9,23.2,98,4.9,17.0,98.5
2026-06-14 02:00:00,1.35,158,4.8,23.1,98,4.6,17.0,98.5
2026-06-14 03:00:00,1.36,152,4.7,23.0,98,4.6,17.0,98.5
2026-06-14 04:00:00,1.28,141,4.6,23.0,98,4.6,17.0,98.5
2026-06-14 05:00:00,0.99,120,4.5,23.0,98,3.4,17.0,98.5
2026-06-14 06:00:00,0.81,83,4.3,23.0,97,3.4,17.0,98.5
2026-06-14 07:00:00,0.76,58,4.1,23.1,96,3.4,17.0,98.5
2026-06-14 08:00:00,0.21,45,3.8,23.5,95,2.1,17.0,98.5
2026-06-14 09:00:00,0.57,232,3.6,24.0,93,2.1,17.0,98.5
2026-06-14 10:00:00,1.13,229,3.5,24.5,92,2.1,17.0,98.5
2026-06-14 11:00:00,1.06,225,3.8,24.9,92,2.1,17.0,98.5
2026-06-14 12:00:00,0.72,214,4.3,25.3,93,2.1,17.0,98.5
2026-06-14 13:00:00,0.68,197,4.8,25.5,93,2.1,17.0,98.5
2026-06-14 14:00:00,1.13,193,5.4,25.5,93,1.3,17.0,98.5
2026-06-14 15:00:00,1.76,195,6.1,25.4,94,1.3,17.0,98.5
2026-06-14 16:00:00,2.22,194,6.7,25.2,94,1.3,17.0,98.5
2026-06-14 17:00:00,2.26,193,7.0,24.8,95,0.7,17.0,98.5
2026-06-14 18:00:00,2.03,190,7.2,24.4,96,0.7,17.0,98.5
2026-06-14 19:00:00,1.91,185,7.2,24.1,97,0.7,17.0,98.5
2026-06-14 20:00:00,1.95,177,6.9,23.9,97,0.9,17.0,98.5
2026-06-14 21:00:00,2.15,168,6.4,23.7,97,0.9,17.0,98.5
2026-06-14 22:00:00,2.21,162,6.0,23.6,98,0.9,17.0,98.5
2026-06-14 23:00:00,2.06,157,5.8,23.4,98,2.4,17.0,98.5
2026-06-15 00:00:00,1.81,152,5.7,23.2,99,2.4,17.0,98.5
2026-06-15 01:00:00,1.54,144,5.5,23.0,99,2.4,17.0,98.5
2026-06-15 02:00:00,1.31,130,5.1,22.8,99,2.3,17.0,98.5
2026-06-15 03:00:00,1.17,110,4.7,22.7,99,2.3,17.0,98.5
2026-06-15 04:00:00,1.21,97,4.5,22.6,99,2.3,17.0,98.5
2026-06-15 05:00:00,1.3,106,4.6,22.7,98,3.7,17.0,98.5
2026-06-15 06:00:00,1.5,120,5.0,22.9,98,3.7,17.0,98.5
2026-06-15 07:00:00,1.63,130,5.3,23.1,98,3.7,17.0,98.5
2026-06-15 08:00:00,1.59,136,5.7,23.2,97,3.7,17.0,98.5
2026-06-15 09:00:00,1.46,142,6.1,23.3,97,3.7,17.0,98.5
2026-06-15 10:00:00,1.28,149,6.2,23.5,96,3.7,17.0,98.5
2026-06-15 11:00:00,1.06,161,5.7,23.6,96,3.2,17.0,98.5
2026-06-15 12:00:00,0.8,180,4.9,23.8,95,3.2,17.0,98.5
2026-06-15 13:00:00,0.79,198,4.3,23.9,95,3.2,17.0,98.5
2026-06-15 14:00:00,0.94,205,3.9,24.2,94,1.1,17.0,98.5
2026-06-15 15:00:00,1.14,203,3.8,24.4,93,1.1,17.0,98.5
2026-06-15 16:00:00,1.28,201,3.9,24.6,92,1.1,17.0,98.5
2026-06-15 17:00:00,1.41,197,4.7,24.5,93,1.3,17.0,98.5
2026-06-15 18:00:00,1.54,193,5.8,24.2,95,1.3,17.0,98.5
2026-06-15 19:00:00,1.51,186,6.5,24.0,96,1.3,17.0,98.5
2026-06-15 20:00:00,1.17,170,6.7,23.9,96,2.1,17.0,98.5
2026-06-15 21:00:00,0.92,135,6.5,23.9,96,2.1,17.0,98.5
2026-06-15 22:00:00,0.98,105,6.0,23.8,96,2.1,17.0,98.5
2026-06-15 23:00:00,0.96,96,5.1,23.7,97,2.0,17.0,98.5
2026-06-16 00:00:00,0.75,94,3.9,23.5,97,2.0,17.0,98.5
2026-06-16 01:00:00,0.6,90,3.0,23.4,98,2.0,17.0,98.5
2026-06-16 02:00:00,1.03,137,5.3,23.0,98,4.4,17.0,98.5
2026-06-16 03:00:00,1.01,117,5.1,22.8,99,4.4,17.0,98.5
2026-06-16 04:00:00,1.1,95,4.9,22.7,99,4.4,17.0,98.5
2026-06-16 05:00:00,1.32,81,4.8,22.5,99,4.4,17.0,98.5
2026-06-16 06:00:00,1.47,72,4.6,22.6,99,4.4,17.0,98.5
2026-06-16 07:00:00,1.46,68,4.5,22.7,98,4.4,17.0,98.5
2026-06-16 08:00:00,1.14,67,4.4,23.2,96,1.1,17.0,98.5
2026-06-16 09:00:00,0.6,66,4.3,23.8,93,1.1,17.0,98.5
2026-06-16 10:00:00,0.05,180,4.1,24.6,90,1.1,17.0,98.5
2026-06-16 11:00:00,0.69,240,4.1,25.4,87,1.1,17.0,98.5
2026-06-16 12:00:00,1.28,239,4.2,26.0,85,1.1,17.0,98.5
2026-06-16 13:00:00,1.66,237,4.6,26.3,84,1.1,17.0,98.5
2026-06-16 14:00:00,1.86,234,5.3,26.3,85,1.1,17.0,98.5
2026-06-16 15:00:00,1.95,228,6.5,26.1,86,1.1,17.0,98.5
2026-06-16 16:00:00,2.02,222,7.8,25.7,88,1.1,17.0,98.5
2026-06-16 17:00:00,2.04,216,9.0,25.3,91,1.1,17.0,98.5
2026-06-16 18:00:00,2.02,210,9.9,24.9,93,1.1,17.0,98.5
2026-06-16 19:00:00,1.9,207,10.3,24.6,94,1.1,17.0,98.5
2026-06-16 20:00:00,1.66,205,10.1,24.3,96,0.4,17.0,98.5
2026-06-16 21:00:00,1.32,205,9.3,24.1,96,0.4,17.0,98.5
2026-06-16 22:00:00,0.89,207,8.3,23.9,97,0.4,17.0,98.5
2026-06-16 23:00:00,0.47,212,7.2,23.7,97,0.4,17.0,98.5
2026-06-10 00:00:00,3.31,214,7.1,26.0,90,0.0,18.0,100.5
2026-06-10 01:00:00,2.52,219,6.8,25.5,94,0.0,18.0,100.5
2026-06-10 02:00:00,1.84,223,5.2,24.9,95,0.0,18.0,100.5
2026-06-10 03:00:00,1.59,229,3.9,24.8,94,0.0,18.0,100.5
2026-06-10 04:00:00,1.26,214,3.5,24.7,95,0.0,18.0,100.5
2026-06-10 05:00:00,0.64,219,2.9,24.7,95,0.0,18.0,100.5
2026-06-10 06:00:00,0.6,222,1.9,24.8,94,0.0,18.0,100.5
2026-06-10 07:00:00,1.12,207,2.9,25.7,90,0.1,18.0,100.5
2026-06-10 08:00:00,1.81,194,4.6,26.2,89,0.3,18.0,100.5
2026-06-10 09:00:00,1.71,201,5.0,26.3,89,0.1,18.0,100.5
2026-06-10 10:00:00,2.43,188,6.6,28.3,80,0.1,18.0,100.5
2026-06-10 11:00:00,2.93,160,8.6,26.4,87,1.6,18.0,100.5
2026-06-10 12:00:00,2.21,218,7.7,26.3,91,2.2,18.0,100.5
2026-06-10 13:00:00,0.25,90,5.7,27.7,85,0.4,18.0,100.5
2026-06-10 14:00:00,1.71,187,5.2,29.6,75,0.1,18.0,100.5
2026-06-10 15:00:00,3.76,220,8.8,27.5,85,2.0,18.0,100.5
2026-06-10 16:00:00,2.13,219,8.1,27.4,86,0.4,18.0,100.5
2026-06-10 17:00:00,1.96,195,5.4,25.8,97,3.0,18.0,100.5
2026-06-10 18:00:00,1.81,186,4.8,25.7,97,1.1,18.0,100.5
2026-06-10 19:00:00,1.66,201,4.8,25.1,96,0.9,18.0,100.5
2026-06-10 20:00:00,0.5,270,3.6,25.0,97,1.1,18.0,100.5
2026-06-10 21:00:00,0.96,227,2.3,25.1,98,0.1,18.0,100.5
2026-06-10 22:00:00,2.16,214,5.5,24.6,97,0.6,18.0,100.5
2026-06-10 23:00:00,2.56,197,5.2,24.1,98,0.6,18.0,100.5
2026-06-11 00:00:00,1.25,209,5.6,24.0,98,1.6,18.0,100.5
2026-06-11 01:00:00,1.35,211,2.8,24.1,98,0.3,18.0,100.5
2026-06-11 02:00:00,1.38,229,5.0,23.5,98,2.2,18.0,100.5
2026-06-11 03:00:00,0.4,240,4.4,23.6,98,2.9,18.0,100.5
2026-06-11 04:00:00,0.47,342,2.6,23.6,98,0.7,18.0,100.5
2026-06-11 05:00:00,0.57,15,1.6,23.6,99,0.5,18.0,100.5
2026-06-11 06:00:00,0.3,9,1.6,23.7,98,0.8,18.0,100.5
2026-06-11 07:00:00,0.32,129,1.6,23.8,98,0.9,18.0,100.5
2026-06-11 08:00:00,0.76,188,2.7,24.2,97,0.8,18.0,100.5
2026-06-11 09:00:00,1.51,188,4.4,25.2,97,0.6,18.0,100.5
2026-06-11 10:00:00,1.54,193,4.5,25.3,100,0.5,18.0,100.5
2026-06-11 11:00:00,1.66,213,5.3,25.2,99,0.6,18.0,100.5
2026-06-11 12:00:00,1.26,214,4.8,25.7,99,0.8,18.0,100.5
2026-06-11 13:00:00,1.62,189,4.6,26.4,94,1.2,18.0,100.5
2026-06-11 14:00:00,1.49,194,6.1,26.0,93,5.0,18.0,100.5
2026-06-11 15:00:00,1.07,169,4.4,25.8,95,0.6,18.0,100.5
2026-06-11 16:00:00,1.41,174,5.3,25.3,95,0.7,18.0,100.5
2026-06-11 17:00:00,0.66,171,3.8,25.8,92,0.1,18.0,100.5
2026-06-11 18:00:00,1.57,207,4.2,24.8,96,4.6,18.0,100.5
2026-06-11 19:00:00,1.18,192,4.2,24.6,98,3.9,18.0,100.5
2026-06-11 20:00:00,1.97,204,4.4,24.5,98,1.6,18.0,100.5
2026-06-11 21:00:00,1.51,172,4.0,24.3,99,1.4,18.0,100.5
2026-06-11 22:00:00,0.45,186,3.8,24.3,98,0.6,18.0,100.5
2026-06-11 23:00:00,1.55,213,3.2,24.2,98,1.0,18.0,100.5
2026-06-12 00:00:00,0.99,240,4.1,23.9,98,1.1,18.0,100.5
2026-06-12 01:00:00,0.6,265,2.4,23.9,97,0.3,18.0,100.5
2026-06-12 02:00:00,1.35,195,3.0,23.7,98,0.4,18.0,100.5
2026-06-12 03:00:00,1.51,236,3.8,23.3,98,1.5,18.0,100.5
2026-06-12 04:00:00,0.34,297,3.3,23.3,98,1.0,18.0,100.5
2026-06-12 05:00:00,1.14,151,2.9,23.3,98,0.7,18.0,100.5
2026-06-12 06:00:00,0.95,198,3.0,23.4,98,0.9,18.0,100.5
2026-06-12 07:00:00,0.75,274,2.5,23.6,98,0.6,18.0,100.5
2026-06-12 08:00:00,0.57,255,2.2,24.0,97,0.1,18.0,100.5
2026-06-12 09:00:00,1.2,185,3.4,24.5,95,0.3,18.0,100.5
2026-06-12 10:00:00,1.8,193,4.9,25.2,92,0.4,18.0,100.5
2026-06-12 11:00:00,2.53,198,6.5,26.1,90,0.3,18.0,100.5
2026-06-12 12:00:00,3.04,200,7.6,26.7,88,0.5,18.0,100.5
2026-06-12 13:00:00,2.75,190,7.9,27.1,88,0.4,18.0,100.5
2026-06-12 14:00:00,3.4,208,9.2,26.9,88,0.7,18.0,100.5
2026-06-12 15:00:00,2.38,190,8.9,26.4,89,0.6,18.0,100.5
2026-06-12 16:00:00,2.91,185,6.9,25.6,93,0.5,18.0,100.5
2026-06-12 17:00:00,2.34,191,6.7,26.1,90,0.1,18.0,100.5
2026-06-12 18:00:00,1.96,184,7.0,25.8,91,0.3,18.0,100.5
2026-06-12 19:00:00,1.35,180,4.5,25.2,95,0.0,18.0,100.5
2026-06-12 20:00:00,1.35,184,3.4,25.2,96,0.0,18.0,100.5
2026-06-12 21:00:00,1.52,207,5.5,25.1,95,0.2,18.0,100.5
2026-06-12 22:00:00,1.46,211,3.6,25.0,96,0.1,18.0,100.5
2026-06-12 23:00:00,1.48,204,3.5,24.7,98,0.0,18.0,100.5
2026-06-13 00:00:00,1.99,208,4.4,24.6,98,0.1,18.0,100.5
2026-06-13 01:00:00,2.09,201,4.5,24.3,98,0.0,18.0,100.5
2026-06-13 02:00:00,1.64,200,4.6,24.2,98,0.0,18.0,100.5
2026-06-13 03:00:00,1.39,210,3.7,24.2,97,0.0,18.0,100.5
2026-06-13 04:00:00,1.13,221,3.4,24.2,96,0.1,18.0,100.5
2026-06-13 05:00:00,1.42,212,3.3,24.3,95,0.1,18.0,100.5
2026-06-13 06:00:00,1.71,212,3.8,24.2,96,0.0,18.0,100.5
2026-06-13 07:00:00,1.79,207,4.1,24.6,94,0.1,18.0,100.5
2026-06-13 08:00:00,2.42,204,5.4,25.2,90,0.1,18.0,100.5
2026-06-13 09:00:00,3.0,198,7.0,26.5,87,0.2,18.0,100.5
2026-06-13 10:00:00,3.81,203,9.8,26.3,89,1.1,18.0,100.5
2026-06-13 11:00:00,2.68,194,9.4,25.7,96,7.2,18.0,100.5
2026-06-13 12:00:00,2.45,192,7.5,25.9,96,0.9,18.0,100.5
2026-06-13 13:00:00,3.19,197,8.2,26.9,90,1.1,18.0,100.5
2026-06-13 14:00:00,3.36,205,9.1,26.8,88,1.0,18.0,100.5
2026-06-13 15:00:00,3.28,201,7.8,26.0,90,0.3,18.0,100.5
2026-06-13 16:00:00,3.58,203,8.0,26.8,86,0.1,18.0,100.5
2026-06-13 17:00:00,2.89,198,8.0,26.8,85,0.1,18.0,100.5
2026-06-13 18:00:00,2.72,200,6.5,26.3,88,0.4,18.0,100.5
2026-06-13 19:00:00,3.48,198,8.8,24.4,97,2.1,18.0,100.5
2026-06-13 20:00:00,2.71,196,8.4,24.3,99,0.2,18.0,100.5
2026-06-13 21:00:00,1.75,193,7.7,24.4,99,0.2,18.0,100.5
2026-06-13 22:00:00,1.06,188,6.8,24.5,99,0.2,18.0,100.5
2026-06-13 23:00:00,0.98,195,5.5,24.5,99,0.1,18.0,100.5
2026-06-14 00:00:00,1.27,206,4.1,24.5,99,0.1,18.0,100.5
2026-06-14 01:00:00,1.54,209,3.3,24.4,99,0.1,18.0,100.5
2026-06-14 02:00:00,1.72,210,3.7,24.3,99,0.2,18.0,100.5
2026-06-14 03:00:00,1.88,209,4.8,24.2,98,0.2,18.0,100.5
2026-06-14 04:00:00,1.97,207,5.5,24.1,98,0.2,18.0,100.5
2026-06-14 05:00:00,1.92,208,5.2,24.2,98,0.1,18.0,100.5
2026-06-14 06:00:00,1.77,209,4.5,24.4,97,0.1,18.0,100.5
2026-06-14 07:00:00,1.77,209,4.3,24.7,97,0.1,18.0,100.5
2026-06-14 08:00:00,1.92,205,4.9,25.0,96,0.3,18.0,100.5
2026-06-14 09:00:00,2.18,200,5.9,25.3,95,0.3,18.0,100.5
2026-06-14 10:00:00,2.55,200,6.9,25.6,94,0.3,18.0,100.5
2026-06-14 11:00:00,3.09,203,7.9,25.9,92,1.1,18.0,100.5
2026-06-14 12:00:00,3.73,206,8.8,26.1,90,1.1,18.0,100.5
2026-06-14 13:00:00,4.07,208,9.5,26.2,90,1.1,18.0,100.5
2026-06-14 14:00:00,3.98,207,9.8,26.1,90,1.0,18.0,100.5
2026-06-14 15:00:00,3.58,205,9.9,26.0,91,1.0,18.0,100.5
2026-06-14 16:00:00,3.12,202,9.6,25.8,93,1.0,18.0,100.5
2026-06-14 17:00:00,2.55,200,8.8,25.6,94,0.2,18.0,100.5
2026-06-14 18:00:00,1.82,196,7.7,25.3,95,0.2,18.0,100.5
2026-06-14 19:00:00,1.42,190,6.9,25.0,96,0.2,18.0,100.5
2026-06-14 20:00:00,1.46,186,6.6,24.8,96,0.3,18.0,100.5
2026-06-14 21:00:00,1.76,187,6.5,24.6,96,0.3,18.0,100.5
2026-06-14 22:00:00,2.02,189,6.5,24.3,96,0.3,18.0,100.5
2026-06-14 23:00:00,2.18,196,6.5,24.0,96,0.6,18.0,100.5
2026-06-15 00:00:00,2.33,205,6.6,23.6,98,0.6,18.0,100.5
2026-06-15 01:00:00,2.36,212,6.5,23.4,99,0.6,18.0,100.5
2026-06-15 02:00:00,2.08,215,6.3,23.4,99,1.3,18.0,100.5
2026-06-15 03:00:00,1.67,219,5.9,23.5,98,1.3,18.0,100.5
2026-06-15 04:00:00,1.24,223,5.5,23.6,98,1.3,18.0,100.5
2026-06-15 05:00:00,0.89,232,4.9,23.6,98,3.0,18.0,100.5
2026-06-15 06:00:00,0.59,250,4.3,23.5,99,3.0,18.0,100.5
2026-06-15 07:00:00,0.47,252,3.9,23.6,99,3.0,18.0,100.5
2026-06-15 08:00:00,0.64,219,3.8,24.0,99,1.7,18.0,100.5
2026-06-15 09:00:00,1.11,198,3.9,24.5,98,1.7,18.0,100.5
2026-06-15 10:00:00,1.77,196,4.5,24.9,97,1.7,18.0,100.5
2026-06-15 11:00:00,2.58,202,5.9,25.3,95,0.9,18.0,100.5
2026-06-15 12:00:00,3.53,207,7.7,25.6,94,0.9,18.0,100.5
2026-06-15 13:00:00,4.12,209,9.2,25.8,92,0.9,18.0,100.5
2026-06-15 14:00:00,4.12,209,10.1,26.0,91,0.8,18.0,100.5
2026-06-15 15:00:00,3.78,209,10.7,26.1,91,0.8,18.0,100.5
2026-06-15 16:00:00,3.36,208,10.9,26.0,92,0.8,18.0,100.5
2026-06-15 17:00:00,2.97,207,10.6,25.6,93,0.3,18.0,100.5
2026-06-15 18:00:00,2.55,206,9.8,25.0,95,0.3,18.0,100.5
2026-06-15 19:00:00,2.15,205,8.8,24.5,96,0.3,18.0,100.5
2026-06-15 20:00:00,1.72,206,7.5,24.3,97,0.3,18.0,100.5
2026-06-15 21:00:00,1.28,211,5.9,24.2,98,0.3,18.0,100.5
2026-06-15 22:00:00,0.92,221,4.6,24.1,98,0.3,18.0,100.5
2026-06-15 23:00:00,0.74,242,3.7,24.0,98,0.1,18.0,100.5
2026-06-16 00:00:00,0.75,266,3.1,24.0,98,0.1,18.0,100.5
2026-06-16 01:00:00,0.81,281,2.7,24.0,98,0.1,18.0,100.5
2026-06-16 02:00:00,1.42,212,6.5,23.8,99,1.1,18.0,100.5
2026-06-16 03:00:00,1.44,214,5.8,23.8,99,1.1,18.0,100.5
2026-06-16 04:00:00,1.5,217,5.1,23.8,99,1.1,18.0,100.5
2026-06-16 05:00:00,1.64,218,4.4,23.9,99,1.1,18.0,100.5
2026-06-16 06:00:00,1.74,219,4.0,24.0,98,1.1,18.0,100.5
2026-06-16 07:00:00,1.89,217,3.9,24.2,98,1.1,18.0,100.5
2026-06-16 08:00:00,2.05,214,4.2,24.5,97,0.7,18.0,100.5
2026-06-16 09:00:00,2.31,210,4.9,25.0,95,0.7,18.0,100.5
2026-06-16 10:00:00,2.62,206,5.8,25.5,93,0.7,18.0,100.5
2026-06-16 11:00:00,2.92,202,6.8,25.9,92,0.7,18.0,100.5
2026-06-16 12:00:00,3.15,200,7.7,26.2,91,0.7,18.0,100.5
2026-06-16 13:00:00,3.27,199,8.4,26.4,91,0.7,18.0,100.5
2026-06-16 14:00:00,3.3,198,8.9,26.3,91,0.7,18.0,100.5
2026-06-16 15:00:00,3.24,197,9.4,25.9,92,0.7,18.0,100.5
2026-06-16 16:00:00,3.13,197,9.8,25.5,93,0.7,18.0,100.5
2026-06-16 17:00:00,2.96,196,10.1,25.0,95,0.7,18.0,100.5
2026-06-16 18:00:00,2.82,197,10.2,24.6,96,0.7,18.0,100.5
2026-06-16 19:00:00,2.61,197,10.1,24.3,97,0.7,18.0,100.5
2026-06-16 20:00:00,2.37,198,9.7,24.2,98,0.3,18.0,100.5
2026-06-16 21:00:00,2.11,202,9.1,24.0,98,0.3,18.0,100.5
2026-06-16 22:00:00,1.81,208,8.3,24.0,99,0.3,18.0,100.5
2026-06-16 23:00:00,1.54,216,7.4,23.9,99,0.3,18.0,100.5
2026-06-10 00:00:00,0.46,131,3.5,24.1,96,2.7,20.0,99.8
2026-06-10 01:00:00,0.68,197,3.0,24.1,96,0.5,20.0,99.8
2026-06-10 02:00:00,0.76,188,2.4,24.1,97,0.8,20.0,99.8
2026-06-10 03:00:00,0.64,219,2.2,24.0,98,0.4,20.0,99.8
2026-06-10 04:00:00,0.72,214,2.8,24.0,97,0.1,20.0,99.8
2026-06-10 05:00:00,0.63,198,2.0,23.8,97,0.0,20.0,99.8
2026-06-10 06:00:00,0.6,180,2.6,23.9,95,0.1,20.0,99.8
2026-06-10 07:00:00,1.08,202,3.3,24.3,94,0.0,20.0,99.8
2026-06-10 08:00:00,0.65,176,3.6,25.2,92,0.0,20.0,99.8
2026-06-10 09:00:00,1.35,165,4.9,26.6,85,0.0,20.0,99.8
2026-06-10 10:00:00,1.83,169,5.7,27.7,75,0.1,20.0,99.8
2026-06-10 11:00:00,1.57,197,5.6,24.7,91,2.6,20.0,99.8
2026-06-10 12:00:00,1.66,316,4.7,25.8,91,2.6,20.0,99.8
2026-06-10 13:00:00,1.91,185,5.6,27.4,82,0.7,20.0,99.8
2026-06-10 14:00:00,2.36,212,7.9,25.9,92,3.6,20.0,99.8
2026-06-10 15:00:00,1.9,207,5.7,26.4,89,0.8,20.0,99.8
2026-06-10 16:00:00,2.37,155,5.4,26.4,82,0.2,20.0,99.8
2026-06-10 17:00:00,1.2,225,6.1,24.9,94,1.4,20.0,99.8
2026-06-10 18:00:00,0.85,183,3.1,24.9,96,1.0,20.0,99.8
2026-06-10 19:00:00,1.44,160,4.0,23.9,98,1.5,20.0,99.8
2026-06-10 20:00:00,1.03,157,3.1,24.1,98,0.7,20.0,99.8
2026-06-10 21:00:00,1.26,162,3.3,23.8,98,0.6,20.0,99.8
2026-06-10 22:00:00,1.19,165,3.6,23.9,97,0.7,20.0,99.8
2026-06-10 23:00:00,1.3,176,4.1,23.9,96,0.7,20.0,99.8
2026-06-11 00:00:00,1.96,161,4.5,23.4,98,1.5,20.0,99.8
2026-06-11 01:00:00,1.32,191,4.6,23.2,98,1.4,20.0,99.8
2026-06-11 02:00:00,1.3,164,3.2,23.0,99,0.4,20.0,99.8
2026-06-11 03:00:00,1.39,150,3.0,22.9,99,0.2,20.0,99.8
2026-06-11 04:00:00,1.34,153,3.5,22.7,100,0.7,20.0,99.8
2026-06-11 05:00:00,1.21,128,4.0,22.4,99,2.2,20.0,99.8
2026-06-11 06:00:00,0.78,75,3.8,22.2,98,2.9,20.0,99.8
2026-06-11 07:00:00,0.86,97,3.6,22.6,99,0.7,20.0,99.8
2026-06-11 08:00:00,0.85,140,3.6,23.0,98,0.5,20.0,99.8
2026-06-11 09:00:00,1.47,162,4.3,23.8,96,0.7,20.0,99.8
2026-06-11 10:00:00,1.5,180,5.3,25.4,90,0.4,20.0,99.8
2026-06-11 11:00:00,2.23,146,5.0,25.3,91,0.9,20.0,99.8
2026-06-11 12:00:00,2.17,172,7.6,24.1,94,8.6,20.0,99.8
2026-06-11 13:00:00,1.91,225,6.3,25.6,92,1.3,20.0,99.8
2026-06-11 14:00:00,1.77,223,6.1,26.1,91,0.5,20.0,99.8
2026-06-11 15:00:00,3.49,188,9.1,24.1,94,5.0,20.0,99.8
2026-06-11 16:00:00,1.38,221,7.2,24.5,95,1.7,20.0,99.8
2026-06-11 17:00:00,1.5,182,4.6,25.0,92,0.1,20.0,99.8
2026-06-11 18:00:00,1.92,171,5.1,24.3,94,2.5,20.0,99.8
2026-06-11 19:00:00,1.08,158,5.1,23.9,96,1.6,20.0,99.8
2026-06-11 20:00:00,1.09,164,4.3,23.8,96,0.6,20.0,99.8
2026-06-11 21:00:00,0.7,184,3.9,23.7,97,0.7,20.0,99.8
2026-06-11 22:00:00,0.63,198,2.8,23.7,97,0.5,20.0,99.8
2026-06-11 23:00:00,0.54,158,3.0,23.7,98,0.7,20.0,99.8
2026-06-12 00:00:00,0.75,180,3.1,23.6,96,0.9,20.0,99.8
2026-06-12 01:00:00,0.81,187,3.4,23.2,96,1.1,20.0,99.8
2026-06-12 02:00:00,0.91,171,3.5,23.1,97,0.3,20.0,99.8
2026-06-12 03:00:00,0.94,148,2.6,22.8,98,0.1,20.0,99.8
2026-06-12 04:00:00,0.74,160,2.5,22.6,99,0.0,20.0,99.8
2026-06-12 05:00:00,0.9,214,2.9,22.7,99,0.1,20.0,99.8
2026-06-12 06:00:00,0.75,180,2.9,22.8,98,0.2,20.0,99.8
2026-06-12 07:00:00,1.05,183,3.4,22.9,96,0.4,20.0,99.8
2026-06-12 08:00:00,1.1,177,3.3,23.3,95,0.4,20.0,99.8
2026-06-12 09:00:00,1.98,164,4.6,24.1,95,0.6,20.0,99.8
2026-06-12 10:00:00,3.0,180,6.7,23.9,94,2.7,20.0,99.8
2026-06-12 11:00:00,1.61,185,6.5,23.8,96,3.1,20.0,99.8
2026-06-12 12:00:00,2.15,192,5.4,23.8,96,5.0,20.0,99.8
2026-06-12 13:00:00,2.2,177,5.8,24.1,96,4.5,20.0,99.8
2026-06-12 14:00:00,2.11,175,6.8,25.4,91,0.2,20.0,99.8
2026-06-12 15:00:00,2.62,173,6.2,26.2,84,0.1,20.0,99.8
2026-06-12 16:00:00,1.42,190,7.4,26.0,89,1.0,20.0,99.8
2026-06-12 17:00:00,1.51,174,6.0,24.4,94,5.3,20.0,99.8
2026-06-12 18:00:00,1.77,223,3.7,24.4,96,1.2,20.0,99.8
2026-06-12 19:00:00,0.87,204,4.7,24.0,98,2.9,20.0,99.8
2026-06-12 20:00:00,0.66,189,4.1,23.8,98,1.2,20.0,99.8
2026-06-12 21:00:00,0.7,201,4.5,23.7,99,0.6,20.0,99.8
2026-06-12 22:00:00,1.03,194,4.7,23.6,98,0.4,20.0,99.8
2026-06-12 23:00:00,1.06,199,4.9,23.5,96,0.7,20.0,99.8
2026-06-13 00:00:00,1.14,209,5.1,23.0,97,0.9,20.0,99.8
2026-06-13 01:00:00,1.15,236,5.7,22.8,98,1.9,20.0,99.8
2026-06-13 02:00:00,1.14,218,5.6,22.8,99,0.8,20.0,99.8
2026-06-13 03:00:00,0.71,188,5.3,22.8,98,0.3,20.0,99.8
2026-06-13 04:00:00,0.74,200,4.2,22.9,96,0.4,20.0,99.8
2026-06-13 05:00:00,1.03,219,3.9,22.8,96,0.7,20.0,99.8
2026-06-13 06:00:00,0.9,214,2.6,22.9,96,0.6,20.0,99.8
2026-06-13 07:00:00,1.22,199,3.4,23.1,97,0.3,20.0,99.8
2026-06-13 08:00:00,1.22,199,4.1,23.4,95,0.4,20.0,99.8
2026-06-13 09:00:00,1.33,193,3.4,24.0,93,0.2,20.0,99.8
2026-06-13 10:00:00,1.46,172,5.2,24.7,95,0.3,20.0,99.8
2026-06-13 11:00:00,2.24,170,7.0,25.9,91,0.3,20.0,99.8
2026-06-13 12:00:00,2.52,172,7.9,27.0,86,0.4,20.0,99.8
2026-06-13 13:00:00,2.77,173,8.1,27.6,82,0.5,20.0,99.8
2026-06-13 14:00:00,2.47,201,7.5,27.5,85,1.4,20.0,99.8
2026-06-13 15:00:00,1.71,238,7.0,25.5,92,12.7,20.0,99.8
2026-06-13 16:00:00,2.15,177,5.2,25.3,94,1.5,20.0,99.8
2026-06-13 17:00:00,1.81,185,5.5,25.4,94,0.2,20.0,99.8
2026-06-13 18:00:00,1.9,194,5.1,25.2,95,1.6,20.0,99.8
2026-06-13 19:00:00,0.96,189,4.9,24.5,97,2.4,20.0,99.8
2026-06-13 20:00:00,0.76,203,4.5,24.3,96,1.6,20.0,99.8
2026-06-13 21:00:00,0.71,225,4.0,24.1,96,1.6,20.0,99.8
2026-06-13 22:00:00,0.79,235,3.7,23.9,95,1.6,20.0,99.8
2026-06-13 23:00:00,0.85,230,3.8,23.6,96,0.9,20.0,99.8
2026-06-14 00:00:00,1.0,217,4.0,23.4,97,0.9,20.0,99.8
2026-06-14 01:00:00,1.07,208,4.2,23.2,98,0.9,20.0,99.8
2026-06-14 02:00:00,1.03,203,4.1,23.0,98,0.4,20.0,99.8
2026-06-14 03:00:00,0.89,196,3.9,22.9,97,0.4,20.0,99.8
2026-06-14 04:00:00,0.82,194,3.8,22.8,97,0.4,20.0,99.8
2026-06-14 05:00:00,0.84,197,3.7,22.9,97,0.4,20.0,99.8
2026-06-14 06:00:00,0.97,201,3.6,23.1,98,0.4,20.0,99.8
2026-06-14 07:00:00,1.12,201,3.8,23.4,97,0.4,20.0,99.8
2026-06-14 08:00:00,1.44,194,4.4,24.0,95,0.1,20.0,99.8
2026-06-14 09:00:00,1.87,188,5.3,24.8,92,0.1,20.0,99.8
2026-06-14 10:00:00,2.16,187,6.0,25.7,89,0.1,20.0,99.8
2026-06-14 11:00:00,2.11,194,6.3,26.7,85,0.3,20.0,99.8
2026-06-14 12:00:00,2.01,207,6.4,27.8,81,0.3,20.0,99.8
2026-06-14 13:00:00,1.86,211,6.6,28.5,79,0.3,20.0,99.8
2026-06-14 14:00:00,1.64,192,7.0,28.5,80,1.0,20.0,99.8
2026-06-14 15:00:00,1.72,163,7.5,28.1,83,1.0,20.0,99.8
2026-06-14 16:00:00,1.93,149,7.7,27.5,86,1.0,20.0,99.8
2026-06-14 17:00:00,1.59,152,7.6,26.5,90,2.6,20.0,99.8
2026-06-14 18:00:00,1.11,172,7.3,25.3,94,2.6,20.0,99.8
2026-06-14 19:00:00,0.92,202,6.8,24.3,98,2.6,20.0,99.8
2026-06-14 20:00:00,0.9,214,5.8,23.9,99,0.7,20.0,99.8
2026-06-14 21:00:00,0.86,216,4.6,23.8,99,0.7,20.0,99.8
2026-06-14 22:00:00,0.86,216,3.7,23.8,99,0.7,20.0,99.8
2026-06-14 23:00:00,0.86,216,3.3,23.7,98,0.4,20.0,99.8
2026-06-15 00:00:00,0.79,215,3.3,23.6,97,0.4,20.0,99.8
2026-06-15 01:00:00,0.81,210,3.3,23.5,96,0.4,20.0,99.8
2026-06-15 02:00:00,0.83,205,3.4,23.3,97,0.2,20.0,99.8
2026-06-15 03:00:00,0.92,202,3.7,23.1,97,0.2,20.0,99.8
2026-06-15 04:00:00,1.02,191,3.9,23.0,98,0.2,20.0,99.8
2026-06-15 05:00:00,1.16,173,3.9,22.9,98,0.1,20.0,99.8
2026-06-15 06:00:00,1.54,155,3.9,22.8,98,0.1,20.0,99.8
2026-06-15 07:00:00,1.84,151,4.0,23.0,96,0.1,20.0,99.8
2026-06-15 08:00:00,1.97,156,4.3,23.6,94,0.0,20.0,99.8
2026-06-15 09:00:00,2.1,168,4.8,24.5,91,0.0,20.0,99.8
2026-06-15 10:00:00,2.31,174,5.5,25.3,88,0.0,20.0,99.8
2026-06-15 11:00:00,2.72,174,6.6,26.0,86,0.2,20.0,99.8
2026-06-15 12:00:00,3.13,172,7.9,26.6,84,0.2,20.0,99.8
2026-06-15 13:00:00,3.32,173,8.9,27.0,83,0.2,20.0,99.8
2026-06-15 14:00:00,3.15,180,9.7,26.9,84,1.6,20.0,99.8
2026-06-15 15:00:00,2.81,192,10.2,26.6,85,1.6,20.0,99.8
2026-06-15 16:00:00,2.47,201,10.2,26.1,87,1.6,20.0,99.8
2026-06-15 17:00:00,1.93,201,9.2,25.6,90,2.0,20.0,99.8
2026-06-15 18:00:00,1.27,191,7.5,24.9,94,2.0,20.0,99.8
2026-06-15 19:00:00,0.85,177,6.2,24.3,96,2.0,20.0,99.8
2026-06-15 20:00:00,0.65,176,5.6,24.0,98,1.6,20.0,99.8
2026-06-15 21:00:00,0.6,185,5.2,23.8,97,1.6,20.0,99.8
2026-06-15 22:00:00,0.61,189,5.0,23.6,97,1.6,20.0,99.8
2026-06-15 23:00:00,0.7,180,4.8,23.4,98,0.2,20.0,99.8
2026-06-16 00:00:00,0.86,173,4.7,23.2,98,0.2,20.0,99.8
2026-06-16 01:00:00,1.02,169,4.7,23.1,99,0.2,20.0,99.8
2026-06-16 02:00:00,1.06,188,3.9,23.1,97,0.5,20.0,99.8
2026-06-16 03:00:00,1.06,188,3.8,22.9,98,0.5,20.0,99.8
2026-06-16 04:00:00,1.06,188,3.7,22.8,98,0.5,20.0,99.8
2026-06-16 05:00:00,1.06,188,3.7,22.8,98,0.5,20.0,99.8
2026-06-16 06:00:00,1.11,188,3.9,22.8,98,0.5,20.0,99.8
2026-06-16 07:00:00,1.26,187,4.2,23.1,96,0.5,20.0,99.8
2026-06-16 08:00:00,1.51,186,4.8,23.7,93,0.6,20.0,99.8
2026-06-16 09:00:00,1.91,185,5.6,24.7,88,0.6,20.0,99.8
2026-06-16 10:00:00,2.35,182,6.5,25.7,84,0.6,20.0,99.8
2026-06-16 11:00:00,2.75,182,7.4,26.7,79,0.6,20.0,99.8
2026-06-16 12:00:00,3.05,182,8.2,27.5,76,0.6,20.0,99.8
2026-06-16 13:00:00,3.15,182,8.8,27.8,75,0.6,20.0,99.8
2026-06-16 14:00:00,3.0,183,9.1,27.6,77,1.6,20.0,99.8
2026-06-16 15:00:00,2.66,184,9.3,27.0,80,1.6,20.0,99.8
2026-06-16 16:00:00,2.17,188,9.4,26.1,84,1.6,20.0,99.8
2026-06-16 17:00:00,1.69,192,9.4,25.2,89,1.6,20.0,99.8
2026-06-16 18:00:00,1.31,198,9.2,24.4,94,1.6,20.0,99.8
2026-06-16 19:00:00,1.05,205,8.9,23.8,97,1.6,20.0,99.8
2026-06-16 20:00:00,0.96,208,8.4,23.5,99,0.9,20.0,99.8
2026-06-16 21:00:00,0.89,207,7.6,23.4,99,0.9,20.0,99.8
2026-06-16 22:00:00,0.92,202,6.7,23.3,99,0.9,20.0,99.8
2026-06-16 23:00:00,0.95,198,5.9,23.3,98,0.9,20.0,99.8
